,Unnamed: 0,player_name,team,conf,GP,Min_per,Ortg,usg,eFG,TS_per,ORB_per,DRB_per,AST_per,TO_per,FTM,FTA,FT_per,twoPM,twoPA,twoP_per,TPM,TPA,TP_per,blk_per,stl_per,ftr,yr,ht,num,porpag,adjoe,pfr,year,pid,type,Rec Rank,ast/tov,rimmade,rimmade+rimmiss,midmade,midmade+midmiss,rimmade/(rimmade+rimmiss),midmade/(midmade+midmiss),dunksmade,dunksmiss+dunksmade,dunksmade/(dunksmade+dunksmiss),pick,drtg,adrtg,dporpag,stops,bpm,obpm,dbpm,gbpm,mp,ogbpm,dgbpm,oreb,dreb,treb,ast,stl,blk,pts,position,Unnamed: 65
0,4650,Nolan Smith,Duke,ACC,38,84.4,115.5,23.7,49.6,53.44,2.9,5.8,17.6,13.0,122,159,0.767,179,389,0.46,60,153,0.392,0.6,2.0,29.3,Jr,2-Jun,2,5.54569,129.457,2.0,2010,198,all,95.8,1.65216438,95.0,155.0,84.0,231.0,0.6129,0.3636,10.0,14.0,0.7143,21.0,96.267,90.4999,4.44184,206.298,6.54489,5.0843,1.46058,7.68869,35.5526,5.38273,2.30597,0.9211,1.8684,2.7895,3.0,1.1842,0.2368,17.3684,Combo G,6.81164
1,4652,E'Twaun Moore,Purdue,B10,35,78.5,103.9,27.7,49.9,53.13,3.4,10.8,19.8,14.3,100,137,0.73,161,330,0.488,51,146,0.349,1.0,2.8,28.8,Jr,4-Jun,33,3.74284,118.854,2.9,2010,201,all,95.0,1.27396074,42.0,63.0,119.0,267.0,0.6667,0.4457,6.0,7.0,0.8571,55.0,92.4751,86.9938,4.30533,204.762,6.81518,3.93199,2.88319,7.75615,31.5143,4.75739,2.99876,0.9143,2.9143,3.8286,2.6571,1.4571,0.2857,16.4286,Combo G,7.90072
2,5018,Jordan Crawford,Xavier,A10,35,79.4,113.0,28.9,53.2,56.43,3.4,12.0,20.1,14.7,119,154,0.773,181,361,0.501,79,202,0.391,0.6,2.4,27.4,So,4-Jun,55,5.2373,132.041,2.0,2010,1345,all,52.8,1.18821539,111.0,178.0,70.0,183.0,0.6236,0.3825,17.0,18.0,0.9444,27.0,97.334,93.4411,3.6428,213.404,7.51311,6.47642,1.0367,9.56247,32.7714,8.04605,1.51642,0.9714,3.7714,4.7429,2.8857,1.3429,0.2,20.5143,Combo G,10.0716
3,5315,Dominique Jones,South Florida,BE,33,92.0,110.1,30.2,50.3,56.22,3.6,14.9,24.4,16.0,209,282,0.741,170,326,0.521,52,167,0.311,1.6,2.8,57.2,Jr,4-Jun,20,5.66368,128.843,3.0,2010,2231,all,,1.23712323,102.0,148.0,68.0,178.0,0.6892,0.382,11.0,12.0,0.9167,25.0,98.0138,92.4328,4.35227,235.792,8.4962,5.97313,2.52308,9.79203,37.0909,6.99379,2.79824,1.1212,4.9697,6.0909,3.6364,1.697,0.5758,21.3636,Combo G,8.29046
4,5580,Andrew Goudelock,College of Charleston,SC,34,88.6,113.0,27.2,53.9,55.84,2.4,10.8,22.1,12.0,61,74,0.824,153,307,0.498,97,247,0.393,1.0,1.8,13.4,Jr,1-Jun,3,4.69345,122.651,1.9,2010,3120,all,,1.92645001,42.0,68.0,111.0,239.0,0.6176,0.4644,2.0,2.0,1.0,46.0,106.747,107.322,2.36026,201.019,3.26661,5.3251,-2.05848,5.02111,35.5882,6.29177,-1.27066,0.7353,3.6176,4.3529,3.8529,1.1176,0.3824,19.3529,Combo G,11.8361
5,5981,Damian Lillard,Weber St.,BSky,29,84.9,117.1,27.4,52.5,58.81,1.3,12.6,23.6,15.1,151,178,0.848,95,203,0.468,81,209,0.388,0.4,2.1,43.2,So,2-Jun,1,4.90542,126.114,2.2,2010,4509,all,57.4,1.47886291,74.0,136.0,21.0,67.0,0.5441,0.3134,8.0,8.0,1.0,6.0,104.115,102.854,2.78825,172.024,3.81034,5.1708,-1.36046,6.44525,34.4138,6.61777,-0.172524,0.3793,3.6552,4.0345,3.6207,1.2069,0.1379,20.1379,Combo G,12.2157
6,6102,Marcus Denmon,Missouri,B12,34,52.1,117.9,21.2,55.3,57.42,4.5,10.9,13.1,11.5,53,76,0.697,49,106,0.462,68,167,0.407,0.6,2.3,27.8,So,3-Jun,12,2.90898,124.718,2.7,2010,5174,all,76.4,1.54836585,31.0,56.0,18.0,50.0,0.5536,0.36,1.0,3.0,0.3333,59.0,95.7303,91.0748,2.56294,126.309,5.81031,5.59608,0.214225,6.99426,21.0,5.95714,1.03712,0.8824,2.0588,2.9412,1.4118,0.8529,0.1176,10.4412,Combo G,13.1486
7,6432,Reggie Jackson,Boston College,ACC,31,75.3,106.7,26.2,47.8,51.57,7.5,14.7,30.5,20.0,77,105,0.733,113,227,0.498,32,110,0.291,1.5,1.2,31.2,So,3-Jun,0,3.82737,121.114,2.7,2010,6923,all,82.4,1.73754167,72.0,120.0,41.0,107.0,0.6,0.3832,11.0,13.0,0.8462,24.0,101.051,97.8,3.00102,157.694,6.3706,5.19255,1.17805,5.87867,30.129,5.21254,0.666129,1.9032,3.7742,5.6774,4.4839,0.6129,0.4516,12.871,Combo G,7.18687
8,6784,Isaiah Thomas,Washington,P10,35,75.4,108.7,26.0,48.8,53.99,2.1,11.9,19.5,16.1,156,213,0.732,121,249,0.486,65,199,0.327,0.3,1.9,47.5,So,8-May,2,4.02155,121.886,2.5,2010,8712,all,57.6,1.33735343,73.0,115.0,48.0,134.0,0.6348,0.3582,0.0,0.0,,60.0,98.0477,92.7601,3.63033,196.57,5.37921,4.60979,0.769427,6.41187,31.1143,5.09193,1.31994,0.5714,3.3429,3.9143,3.1714,1.0571,0.0857,16.9429,Combo G,10.0546
9,7311,Darius Johnson-Odom,Marquette,BE,34,73.1,107.9,22.9,56.4,58.22,2.0,9.3,17.0,18.3,65,96,0.677,79,180,0.439,73,154,0.474,0.6,1.8,28.7,So,2-Jun,1,3.19965,116.033,3.1,2010,10809,all,,1.19120002,50.0,84.0,29.0,96.0,0.5952,0.3021,6.0,8.0,0.75,55.0,102.197,96.5318,3.04181,150.805,3.70495,3.23448,0.47047,4.42564,29.6765,3.72536,0.700279,0.4706,2.1765,2.6471,2.3824,0.8824,0.1765,13.0,Combo G,9.51756
10,7692,John Jenkins,Vanderbilt,SEC,30,53.9,126.9,17.6,61.8,64.3,1.4,8.5,8.5,10.6,48,60,0.8,37,82,0.451,68,143,0.476,0.7,1.2,26.7,Fr,3-Jun,23,3.46833,127.954,2.0,2010,11858,all,95.4,1.2608582,14.0,25.0,22.0,56.0,0.56,0.3929,6.0,6.0,1.0,23.0,103.74,97.8999,2.28337,105.958,5.83015,6.18112,-0.350972,8.04212,23.1,7.2982,0.743923,0.2667,1.9,2.1667,0.9667,0.4667,0.1667,10.8667,Combo G,11.6681
11,7728,Elliot Williams,Memphis,CUSA,34,83.3,112.8,27.7,53.6,59.85,2.7,11.3,24.0,18.8,194,256,0.758,118,224,0.527,60,164,0.366,0.4,2.4,66.0,So,5-Jun,15,4.82942,126.27,2.4,2010,11987,all,84.8,1.27998773,98.0,152.0,20.0,72.0,0.6447,0.2778,30.0,33.0,0.9091,22.0,100.027,97.5047,3.35336,187.369,4.81809,5.46123,-0.64314,6.0389,33.3235,5.84748,0.191424,0.7353,3.2353,3.9706,3.7647,1.3235,0.1176,17.9412,Combo G,8.5734
12,7949,Avery Bradley,Texas,B12,34,72.9,105.2,19.0,48.9,49.58,3.5,6.6,12.4,14.6,36,66,0.545,117,256,0.457,42,112,0.375,1.6,2.4,17.9,Fr,2-Jun,0,2.47167,108.917,3.2,2010,12555,all,99.4,1.36537211,47.0,89.0,70.0,167.0,0.5281,0.4192,14.0,16.0,0.875,19.0,97.7023,92.5408,3.43879,176.727,5.12429,3.17971,1.94458,4.06416,29.5,1.96455,2.09962,0.9706,1.9118,2.8824,2.0882,1.2941,0.5294,11.6471,Combo G,6.00258
13,7969,Eric Bledsoe,Kentucky,SEC,37,73.1,100.4,20.2,54.0,56.56,2.0,8.6,16.8,27.7,82,123,0.667,95,184,0.516,49,128,0.383,1.1,2.6,39.4,Fr,1-Jun,24,2.15166,105.16,2.9,2010,12621,all,86.6,0.95536839,72.0,110.0,21.0,68.0,0.6545,0.3088,6.0,6.0,1.0,18.0,94.8649,90.0148,3.80115,201.434,4.2837,1.79336,2.49034,3.62646,30.3243,0.921529,2.70493,0.5135,2.5676,3.0811,2.8919,1.4054,0.3243,11.3243,Combo G,6.41899
14,8389,Jared Cunningham,Oregon St.,P10,32,47.7,88.2,22.0,53.9,59.79,5.2,8.0,11.4,34.9,62,83,0.747,58,106,0.547,7,21,0.333,0.6,4.4,65.4,Fr,4-Jun,1,0.587754,93.3758,5.4,2010,13618,all,73.0,0.38663707,50.0,82.0,8.0,24.0,0.6098,0.3333,7.0,7.0,1.0,24.0,96.046,93.1368,2.2108,115.009,0.76856,-2.10606,2.87462,-0.720688,19.0938,-3.29359,2.5729,0.7812,1.2188,2.0,0.9062,1.3438,0.0938,6.2188,Combo G,2.14986
15,8431,Erick Green,Virginia Tech,ACC,34,30.5,82.3,15.6,34.8,39.18,1.8,6.2,13.5,22.1,19,28,0.679,18,59,0.305,11,40,0.275,1.7,2.4,28.3,Fr,4-Jun,11,-0.240626,78.815,3.6,2010,13728,all,46.4,1.24003811,10.0,19.0,8.0,40.0,0.5263,0.2,3.0,3.0,1.0,46.0,96.5827,93.085,1.41337,71.1784,-0.915746,-2.40382,1.48808,-1.02801,12.4118,-3.15974,2.13173,0.2059,0.7059,0.9118,0.9118,0.5,0.2059,2.5882,Combo G,5.50098
16,8794,Isaiah Canaan,Murray St.,OVC,34,50.6,116.1,22.4,60.4,63.27,2.3,10.4,14.6,20.7,65,86,0.756,63,124,0.508,51,107,0.477,0.2,2.2,37.2,Fr,Jun-00,3,2.22975,116.26,3.9,2010,14625,all,,0.92595393,31.0,56.0,31.0,66.0,0.5536,0.4697,3.0,3.0,1.0,34.0,93.936,95.8062,2.15555,117.045,1.33391,2.10956,-0.775646,3.413,20.2353,2.97287,0.440132,0.3529,1.9118,2.2647,1.4706,0.7647,0.0294,10.1176,Combo G,9.19795
17,9050,Xavier Thames,Washington St.,P10,30,44.1,96.1,16.5,44.7,47.48,2.9,6.9,14.3,19.4,25,39,0.641,45,97,0.464,9,34,0.265,0.2,2.7,29.8,Fr,3-Jun,11,0.597686,94.2695,4.2,2010,21860,all,76.0,1.31033413,15.0,26.0,30.0,69.0,0.5769,0.4348,0.0,0.0,,59.0,106.11,102.776,1.45239,86.9243,-0.778496,-0.146371,-0.632125,-1.36348,17.9333,-2.23981,0.87633,0.4333,1.0333,1.4667,1.2667,0.8,0.0333,4.7333,Combo G,3.75081
18,9314,E'Twaun Moore,Purdue,B10,34,84.4,112.1,26.8,51.8,54.55,5.1,12.5,20.9,11.9,100,141,0.709,151,319,0.473,70,175,0.4,1.6,2.2,28.5,Sr,4-Jun,33,5.07602,128.26,2.5,2011,201,all,95.0,1.77052561,44.0,77.0,107.0,242.0,0.5714,0.4421,4.0,4.0,1.0,55.0,93.8872,88.3413,4.51998,210.854,9.05063,6.40941,2.64122,9.36297,33.8824,6.94046,2.42252,1.5,3.6471,5.1471,3.1765,1.2059,0.5294,18.0,Combo G,9.19112
19,9592,Jon Diebler,Ohio St.,B10,37,88.9,141.9,13.5,70.6,72.33,1.3,7.9,11.6,12.2,64,79,0.81,31,59,0.525,114,227,0.502,0.4,1.7,27.6,Sr,6-Jun,33,6.11377,134.48,1.1,2011,1926,all,90.2,2.51443073,19.0,36.0,12.0,23.0,0.5278,0.5217,1.0,1.0,1.0,51.0,97.5841,91.4072,4.38236,201.815,10.9468,8.69904,2.24772,10.6833,35.6757,7.87242,2.81092,0.3784,2.2703,2.6486,2.3784,0.973,0.1351,12.6486,Combo G,10.6459
20,10064,Marcus Denmon,Missouri,B12,33,75.3,129.3,20.5,60.8,63.15,3.6,9.2,11.4,7.8,90,120,0.75,116,210,0.552,80,178,0.449,0.3,3.3,30.9,Jr,3-Jun,12,5.17756,134.478,2.1,2011,5174,all,76.4,2.03447886,79.0,105.0,37.0,105.0,0.7524,0.3524,11.0,12.0,0.9167,59.0,100.21,96.0768,3.22354,183.806,7.66749,7.49741,0.170081,9.93773,30.4545,8.33777,1.59997,1.0,2.4242,3.4242,1.7879,1.7879,0.0909,17.0303,Combo G,9.79108
21,10228,Shelvin Mack,Butler,Horz,37,79.4,107.1,27.9,49.0,53.25,2.7,14.3,25.1,16.9,120,156,0.769,107,237,0.451,85,242,0.351,0.3,1.4,32.6,Jr,3-Jun,1,4.02315,121.432,2.2,2011,6698,all,41.4,1.41756451,59.0,95.0,48.0,142.0,0.6211,0.338,2.0,2.0,1.0,34.0,100.157,96.6054,3.34166,195.04,5.48578,4.54418,0.941604,6.33506,32.1892,5.59095,0.744108,0.7297,3.7568,4.4865,3.4865,0.7297,0.0811,15.9189,Combo G,12.5489
22,10278,Iman Shumpert,Georgia Tech,ACC,31,79.4,107.1,28.7,45.4,51.72,5.8,16.4,25.7,14.6,141,175,0.806,135,285,0.474,42,151,0.278,0.7,5.0,40.1,Jr,5-Jun,1,4.23152,123.342,3.5,2011,7189,all,95.6,1.5000001,79.0,114.0,56.0,171.0,0.693,0.3275,19.0,25.0,0.76,17.0,91.788,88.6926,4.21159,225.934,8.39649,5.09881,3.29768,9.1732,32.0,5.2283,3.9449,1.7419,4.1935,5.9355,3.4839,2.7419,0.1935,17.3226,Combo G,8.79213
23,10472,Klay Thompson,Washington St.,P10,34,83.0,107.6,31.9,52.5,57.37,2.6,14.0,25.0,17.8,155,185,0.838,142,305,0.466,98,246,0.398,3.1,2.8,33.6,Jr,6-Jun,1,5.10318,127.806,3.4,2011,8716,all,91.8,1.10433421,66.0,110.0,76.0,195.0,0.6,0.3897,8.0,8.0,1.0,11.0,95.6906,90.6275,4.32507,240.14,8.36312,5.57615,2.78698,9.38485,34.6765,6.81102,2.57382,0.7353,4.5,5.2353,3.7353,1.6471,0.9412,21.5588,Combo G,12.2598
24,10810,Darius Johnson-Odom,Marquette,BE,37,74.7,107.8,25.3,51.1,54.66,1.9,9.6,16.6,15.5,121,171,0.708,125,258,0.484,71,195,0.364,0.7,1.6,37.7,Jr,2-Jun,1,3.65436,120.182,3.3,2011,10809,all,,1.17335972,74.0,121.0,51.0,137.0,0.6116,0.3723,10.0,11.0,0.9091,55.0,104.176,98.069,2.99131,175.258,3.36831,4.04035,-0.672038,4.10832,29.973,3.99349,0.114825,0.4865,2.5405,3.027,2.3784,0.8378,0.1892,15.7838,Combo G,10.213
25,11968,Josh Selby,Kansas,B12,26,34.8,94.4,23.3,46.1,48.91,2.4,9.7,17.8,24.4,28,37,0.757,38,99,0.384,34,94,0.362,0.2,2.3,19.2,Fr,2-Jun,32,1.24352,102.592,3.3,2011,15108,all,99.6,1.05656117,17.0,33.0,21.0,66.0,0.5152,0.3182,2.0,3.0,0.6667,49.0,95.7003,89.8294,2.61153,93.2253,1.78194,0.58804,1.1939,1.55024,20.3846,0.136406,1.41383,0.3846,1.8462,2.2308,2.1538,0.8077,0.0385,7.9231,Combo G,10.0567
26,12062,Doron Lamb,Kentucky,SEC,38,70.7,122.4,19.1,60.2,63.12,2.1,5.6,11.3,14.7,79,100,0.79,93,184,0.505,68,140,0.486,0.6,1.2,30.9,Fr,4-Jun,20,4.15457,127.271,3.2,2011,15371,all,95.4,1.24000614,42.0,68.0,51.0,116.0,0.6176,0.4397,0.0,0.0,,42.0,102.205,96.3872,2.99643,146.277,5.01347,5.33538,-0.321913,5.22629,28.3684,4.09504,1.13125,0.5,1.4737,1.9737,1.6316,0.5789,0.1579,12.3421,Combo G,7.82415
27,12232,Jordan Clarkson,Tulsa,CUSA,27,51.7,96.7,27.2,47.8,55.07,2.0,7.8,17.8,25.6,96,121,0.793,77,158,0.487,20,66,0.303,0.5,1.8,54.0,Fr,4-Jun,3,1.90087,107.243,3.7,2011,15896,all,59.0,0.66665511,42.0,67.0,35.0,91.0,0.6269,0.3846,3.0,3.0,1.0,46.0,103.062,100.56,2.24599,106.363,-1.44798,-0.591905,-0.856076,-0.341877,24.8889,-0.0654497,-0.276427,0.4074,1.6667,2.0741,1.9259,0.7407,0.1111,11.4815,Combo G,5.88676
28,12291,Cory Joseph,Texas,B12,36,80.4,110.9,16.8,50.3,52.57,2.2,9.5,17.3,16.1,51,73,0.699,84,196,0.429,52,126,0.413,0.9,1.9,22.7,Fr,3-Jun,5,2.82601,110.246,2.2,2011,16073,all,98.0,2.01853339,35.0,73.0,49.0,123.0,0.4795,0.3984,1.0,1.0,1.0,29.0,94.0606,89.5381,4.17314,198.743,6.62528,3.74323,2.88205,5.54717,32.3889,2.52065,3.02652,0.6389,2.9167,3.5556,3.0278,1.0278,0.3056,10.4167,Combo G,6.30356
29,13037,Brandon Knight,Kentucky,SEC,38,89.4,107.8,26.7,50.8,55.28,2.2,10.2,23.4,19.8,136,171,0.795,130,282,0.461,87,231,0.377,0.6,1.1,33.3,Fr,3-Jun,12,4.73173,123.069,2.4,2011,18154,all,99.2,1.32499436,65.0,117.0,65.0,165.0,0.5556,0.3939,5.0,6.0,0.8333,8.0,100.305,94.5951,4.01095,204.602,4.48048,4.60756,-0.127072,4.58458,35.8684,4.36431,0.220269,0.6579,3.3684,4.0263,4.1842,0.6579,0.2105,17.2895,Combo G,10.2095
30,14536,Darius Johnson-Odom,Marquette,BE,34,80.0,109.3,25.4,52.9,56.8,2.3,9.2,17.7,15.9,126,165,0.764,133,270,0.493,77,200,0.385,0.4,1.6,35.1,Sr,2-Jun,1,4.50725,123.78,2.4,2012,10809,all,,1.16252286,76.0,127.0,57.0,143.0,0.5984,0.3986,10.0,15.0,0.6667,55.0,97.9151,93.5461,3.74952,184.361,4.39742,4.16709,0.230332,5.9902,32.9412,4.95454,1.03566,0.6471,2.8529,3.5,2.7353,0.9412,0.1176,18.3235,Combo G,10.0621
31,14688,John Jenkins,Vanderbilt,SEC,35,80.9,126.4,23.6,62.0,65.58,1.7,8.2,8.4,12.0,128,153,0.837,83,153,0.542,134,305,0.439,1.0,1.5,33.4,Jr,3-Jun,23,6.27491,138.698,1.4,2012,11858,all,95.4,0.76365026,47.0,64.0,36.0,89.0,0.7344,0.4045,1.0,1.0,1.0,23.0,102.238,96.4593,3.45085,175.039,8.45478,8.36461,0.090178,11.3378,33.6286,10.1899,1.14788,0.4571,2.4286,2.8857,1.2,0.8286,0.3143,19.8857,Combo G,15.6729
32,14979,Jared Cunningham,Oregon St.,P12,35,85.9,106.8,25.3,50.2,56.28,3.5,9.6,15.7,18.3,193,263,0.734,144,287,0.502,49,146,0.336,1.3,4.1,60.7,Jr,4-Jun,1,3.8179,116.38,2.8,2012,13618,all,73.0,0.98037266,119.0,189.0,25.0,98.0,0.6296,0.2551,31.0,35.0,0.8857,24.0,99.5861,97.6663,3.41875,245.127,4.10233,3.48573,0.616603,4.4547,35.0857,3.26694,1.18776,1.0286,2.8286,3.8571,2.8571,2.5714,0.4286,17.9429,Combo G,6.61741
33,15002,Erick Green,Virginia Tech,ACC,31,80.5,113.2,23.7,49.2,54.15,2.0,9.2,20.1,11.5,101,122,0.828,128,276,0.464,42,112,0.375,0.4,2.4,31.4,Jr,4-Jun,11,4.73837,124.192,1.9,2012,13728,all,46.4,1.91299963,64.0,101.0,64.0,175.0,0.6337,0.3657,7.0,7.0,1.0,46.0,99.5927,95.799,3.63308,171.379,4.64285,4.5321,0.110755,7.03386,34.5484,5.13768,1.89618,0.5806,2.6774,3.2581,2.8387,1.3226,0.129,15.5806,Combo G,6.6173
34,15449,Jordan Clarkson,Tulsa,CUSA,31,82.5,106.6,27.0,49.1,54.92,4.2,9.6,18.9,18.0,134,171,0.784,124,269,0.461,43,115,0.374,1.7,1.7,44.5,So,4-Jun,3,3.90413,118.439,2.8,2012,15896,all,59.0,0.95181886,66.0,109.0,58.0,160.0,0.6055,0.3625,3.0,3.0,1.0,46.0,99.5635,98.2903,3.21334,169.865,3.15136,3.26734,-0.11598,4.42178,33.9355,4.09154,0.330241,1.129,2.7419,3.871,2.5484,0.9355,0.5484,16.4839,Combo G,6.74348
35,15815,Ray McCallum,Detroit,Horz,34,84.9,110.0,24.4,49.1,54.58,3.7,12.8,25.6,16.6,135,177,0.763,149,276,0.54,30,119,0.252,0.7,2.6,44.8,So,1-Jun,3,3.92939,117.69,2.5,2012,17384,all,95.0,1.68358082,111.0,164.0,38.0,112.0,0.6768,0.3393,17.0,17.0,1.0,36.0,101.972,102.307,2.8334,203.175,3.79616,4.2804,-0.484236,4.89444,34.0882,4.51943,0.375011,1.0588,3.5,4.5588,3.9118,1.5,0.2059,15.3824,Combo G,6.1155
36,15816,C.J. McCollum,Lehigh,Pat,34,83.6,114.5,32.7,49.9,55.93,5.0,17.4,25.4,12.4,196,241,0.813,192,393,0.489,60,172,0.349,1.8,4.6,42.7,Jr,3-Jun,3,5.31345,130.152,2.5,2012,17390,all,9.8,1.51900161,109.0,172.0,83.0,221.0,0.6337,0.3756,19.0,21.0,0.9048,10.0,89.3988,91.553,4.03645,274.887,10.254,6.74575,3.50824,11.824,33.6765,8.27214,3.55188,1.4706,5.0882,6.5588,3.5294,2.6176,0.5588,22.3529,Combo G,8.79588
37,16715,Joseph Young,Houston,CUSA,29,74.5,105.5,19.4,49.8,52.59,2.7,10.4,14.8,18.3,39,47,0.83,63,143,0.441,51,137,0.372,0.7,1.8,16.8,Fr,3-Jun,0,2.17393,105.381,2.5,2012,20453,all,78.8,1.26411693,30.0,45.0,33.0,98.0,0.6667,0.3367,7.0,7.0,1.0,43.0,107.665,107.717,1.92535,134.229,0.622061,2.02419,-1.40213,0.466861,30.1724,1.46907,-1.00221,0.6897,2.8621,3.5517,2.3103,0.8966,0.2069,10.9655,Combo G,9.20808
38,16925,Nick Johnson,Arizona,P12,35,69.7,95.1,20.8,44.4,48.78,2.5,10.6,18.7,20.1,74,109,0.679,59,143,0.413,40,125,0.32,2.0,1.6,40.7,Fr,2-Jun,13,1.36655,98.4709,3.2,2012,21067,all,95.2,1.26866224,32.0,56.0,27.0,87.0,0.5714,0.3103,17.0,19.0,0.8947,42.0,97.1291,94.3769,3.09378,165.756,0.95392,-0.271601,1.22552,0.82449,28.0857,-0.413197,1.23769,0.5714,2.6857,3.2571,2.4286,0.7429,0.5429,8.9143,Combo G,7.80318
39,17211,Austin Rivers,Duke,ACC,34,82.4,104.8,24.0,50.5,53.84,2.2,9.2,13.0,17.0,121,184,0.658,116,243,0.477,58,159,0.365,0.1,1.7,45.8,Fr,4-Jun,0,3.59641,115.79,2.7,2012,21892,all,99.8,0.89873044,82.0,141.0,34.0,102.0,0.5816,0.3333,3.0,3.0,1.0,10.0,102.8,97.2284,3.33088,176.149,2.9406,2.9932,-0.0526018,3.075,33.2059,2.7958,0.279199,0.6176,2.7647,3.3824,2.0882,0.9706,0.0294,15.5,Combo G,8.19759
40,19476,Ray McCallum,Detroit,Horz,31,93.2,116.4,24.4,52.4,56.57,4.0,13.3,23.5,12.8,138,193,0.715,158,290,0.545,39,123,0.317,1.7,3.0,46.7,Jr,1-Jun,3,5.39079,125.565,2.2,2013,17384,all,95.0,2.19042468,122.0,184.0,35.0,104.0,0.663,0.3365,23.0,23.0,1.0,36.0,101.748,101.013,3.22081,222.896,6.27909,5.70333,0.575761,7.06943,37.2903,6.07031,0.999121,1.3226,3.8387,5.1613,4.4516,1.9677,0.5806,18.4194,Combo G,6.09953
41,19477,C.J. McCollum,Lehigh,Pat,12,31.0,115.7,35.0,58.0,62.75,4.0,14.5,25.1,14.7,62,73,0.849,63,130,0.485,33,64,0.516,1.2,2.7,37.6,Sr,3-Jun,3,5.69178,136.816,2.3,2013,17390,all,9.8,1.09374883,34.0,63.0,29.0,67.0,0.5397,0.4328,3.0,3.0,1.0,10.0,97.4339,96.5057,3.16236,72.2165,6.97876,7.26103,-0.28227,9.31489,31.0,9.03588,0.279008,1.0,4.0,5.0,2.9167,1.4167,0.3333,23.9167,Combo G,10.3207
42,19709,Roy Devyn Marble,Iowa,B10,36,73.1,106.2,25.6,46.3,52.74,3.5,10.8,23.2,16.9,139,170,0.818,125,275,0.455,45,141,0.319,0.8,2.3,40.9,Jr,6-Jun,4,3.59049,118.339,1.8,2013,18726,all,48.8,1.39245344,58.0,90.0,67.0,185.0,0.6444,0.3622,14.0,14.0,1.0,56.0,95.3848,91.5728,3.57958,189.67,5.81202,4.30571,1.50631,6.32118,30.3611,4.58047,1.74071,0.9444,3.0278,3.9722,3.0556,1.1667,0.2222,14.5556,Combo G,7.72781
43,19926,Marcus Thornton,William & Mary,CAA,29,89.2,107.4,27.5,55.5,59.75,1.4,7.4,18.6,19.3,108,131,0.824,86,193,0.446,90,205,0.439,1.5,1.5,32.9,So,4-Jun,3,4.03759,116.53,1.7,2013,19793,all,19.2,0.91010105,52.0,100.0,35.0,94.0,0.52,0.3723,7.0,9.0,0.7778,45.0,109.103,111.725,1.75473,149.647,-0.313477,3.28646,-3.59993,2.03844,36.5862,5.04024,-3.00179,0.3793,2.3793,2.7586,2.7931,0.8621,0.5172,18.9655,Combo G,12.2256
44,20094,Joseph Young,Houston,CUSA,31,78.3,123.5,22.7,54.1,60.16,1.9,9.5,14.7,10.0,138,158,0.873,116,239,0.485,64,153,0.418,0.0,0.9,40.3,So,3-Jun,0,4.72209,126.058,1.5,2013,20453,all,78.8,1.80485405,48.0,76.0,68.0,163.0,0.6316,0.4172,1.0,1.0,1.0,43.0,108.909,111.011,1.68717,143.806,1.17254,4.71273,-3.54019,2.94206,33.1935,5.40944,-2.46738,0.5484,2.9355,3.4839,2.3871,0.5161,0.0,18.129,Combo G,8.4649
45,20232,Nick Johnson,Arizona,P12,35,78.2,110.3,20.0,51.6,55.36,1.6,12.0,20.3,18.0,87,122,0.713,95,199,0.477,42,107,0.393,1.9,3.7,39.9,So,3-Jun,13,3.46203,115.791,2.4,2013,21067,all,95.2,1.69698259,64.0,87.0,31.0,112.0,0.7356,0.2768,21.0,23.0,0.913,42.0,92.5994,88.5008,4.06085,227.348,8.08819,4.16903,3.91916,7.79928,31.4,3.46966,4.32962,0.4,3.2286,3.6286,3.2,1.9429,0.5714,11.5143,Combo G,5.84825
46,20267,Darrun Hilliard,Villanova,BE,33,73.8,100.4,20.8,46.8,53.12,1.4,9.4,13.8,18.7,113,153,0.739,75,162,0.463,39,123,0.317,1.2,3.2,53.7,So,6-Jun,4,2.47385,108.069,3.1,2013,21234,all,45.4,0.86155254,55.0,98.0,20.0,64.0,0.5612,0.3125,4.0,6.0,0.6667,38.0,95.9167,91.4519,3.52689,186.459,4.43347,2.04697,2.3865,4.46911,30.0606,1.43233,3.03679,0.3636,2.4545,2.8182,1.697,1.6061,0.303,11.5152,Combo G,7.33522
47,20431,Xavier Thames,San Diego St.,MWC,28,62.5,96.3,20.4,40.3,47.47,1.9,8.7,16.3,18.3,72,86,0.837,43,133,0.323,34,100,0.34,1.2,2.3,36.9,Jr,3-Jun,2,1.66225,100.682,2.0,2013,21860,all,76.0,1.34003474,14.0,32.0,29.0,101.0,0.4375,0.2871,0.0,0.0,,59.0,95.7754,91.7963,3.3791,133.265,2.19134,0.456598,1.73475,2.0667,28.6786,0.0681561,1.99854,0.4643,2.2143,2.6786,2.3929,1.0714,0.3214,9.2857,Combo G,7.46849
48,21470,Kris Dunn,Providence,BE,25,49.5,96.0,16.2,41.5,47.16,6.6,13.2,22.8,25.8,40,58,0.69,45,109,0.413,4,14,0.286,1.1,2.6,47.2,Fr,3-Jun,3,1.23697,97.1405,4.5,2013,25358,all,97.0,1.68085111,30.0,61.0,15.0,48.0,0.4918,0.3125,6.0,6.0,1.0,5.0,96.3197,91.2872,3.2349,128.602,3.65985,0.56284,3.09701,2.04666,27.2,-0.986535,3.0332,1.64,3.16,4.8,3.16,1.16,0.28,5.68,Combo G,1.24859
49,21519,Jordan Adams,UCLA,P12,33,70.4,114.9,22.4,50.9,57.17,2.4,11.2,11.3,10.3,129,153,0.843,119,219,0.543,46,150,0.307,1.1,4.2,41.5,Fr,5-Jun,3,4.23623,124.842,2.8,2013,25494,all,87.4,1.4500453,54.0,73.0,65.0,147.0,0.7397,0.4422,0.0,0.0,,22.0,95.4443,91.6148,3.54817,212.973,8.39791,5.79447,2.60344,8.56829,30.2727,4.88754,3.68076,0.6364,3.2121,3.8485,1.7576,2.2121,0.3636,15.303,Combo G,8.61422
50,21520,Olivier Hanlan,Boston College,ACC,33,85.2,107.8,24.5,52.6,57.36,3.0,12.1,15.9,16.5,126,168,0.75,116,236,0.492,50,127,0.394,0.2,2.1,46.3,Fr,4-Jun,21,4.12688,118.798,2.3,2013,25499,all,58.0,1.0273948,50.0,89.0,66.0,147.0,0.5618,0.449,1.0,1.0,1.0,42.0,106.574,101.921,2.83646,181.932,2.52052,3.36625,-0.84573,3.4462,34.2121,3.73949,-0.293294,0.7879,3.3636,4.1515,2.2727,1.1515,0.0606,15.3939,Combo G,7.05585
51,22056,Gary Harris,Michigan St.,B10,33,70.5,115.1,20.4,56.4,58.75,3.7,6.3,9.5,14.8,65,89,0.73,84,169,0.497,65,153,0.425,0.7,2.8,27.6,Fr,4-Jun,14,4.19322,124.307,2.8,2013,26989,all,96.4,0.8958405,57.0,93.0,27.0,76.0,0.6129,0.3553,12.0,16.0,0.75,19.0,96.144,89.3441,3.79433,154.748,7.02431,5.43082,1.59349,7.7086,29.9091,4.99808,2.71051,0.8788,1.6667,2.5455,1.303,1.3636,0.1818,12.9697,Combo G,9.62169
52,22117,Isaiah Cousins,Oklahoma,B12,32,39.4,71.9,16.4,32.4,35.41,1.3,12.5,17.5,29.3,13,19,0.684,21,71,0.296,10,40,0.25,0.4,2.7,17.1,Fr,3-Jun,11,-0.711902,70.8794,4.2,2013,27124,all,48.2,1.21955974,10.0,24.0,11.0,47.0,0.4167,0.234,1.0,1.0,1.0,59.0,97.843,93.7243,1.75891,96.0851,-0.687999,-2.62092,1.93292,-2.27714,15.875,-4.40297,2.12583,0.1875,1.7812,1.9688,1.5625,0.7188,0.0625,2.6562,Combo G,4.69448
53,23277,Jordan Clarkson,Missouri,SEC,35,86.8,109.7,27.3,48.1,54.58,2.9,9.3,23.3,16.8,162,195,0.831,177,354,0.5,32,114,0.281,0.6,1.9,41.7,Jr,5-Jun,5,4.52479,125.247,2.5,2014,15896,all,59.0,1.26882698,118.0,186.0,59.0,169.0,0.6344,0.3491,10.0,11.0,0.9091,46.0,106.782,103.088,3.20357,194.678,3.34317,3.73257,-0.389393,3.62059,35.0857,3.71877,-0.0981812,0.8,3.0286,3.8286,3.3714,1.0857,0.1714,17.4857,Combo G,5.62763
54,23443,Joe Harris,Virginia,ACC,37,71.8,113.4,22.1,54.7,56.48,2.7,9.8,18.1,13.4,73,114,0.64,77,158,0.487,72,180,0.4,0.9,2.2,33.7,Sr,6-Jun,12,3.44919,122.301,3.3,2014,17280,all,73.8,1.75001923,55.0,81.0,22.0,77.0,0.679,0.2857,1.0,2.0,0.5,33.0,93.7017,89.0955,4.04406,172.192,8.39072,5.6791,2.71162,7.96411,28.8108,4.54486,3.41925,0.5946,2.3514,2.9459,2.2703,0.9459,0.2162,11.973,Combo G,11.1052
55,23795,Marcus Thornton,William & Mary,CAA,30,89.1,107.0,27.3,53.9,57.44,0.8,6.9,16.2,14.9,104,136,0.765,94,206,0.456,89,216,0.412,0.7,1.8,32.2,Jr,4-Jun,3,3.55344,116.407,2.0,2014,19793,all,19.2,1.09857607,45.0,82.0,49.0,124.0,0.5488,0.3952,7.0,9.0,0.7778,45.0,113.623,115.078,1.80687,148.207,-1.00754,2.99809,-4.00563,0.243854,35.8,3.31958,-3.07572,0.2333,2.0333,2.2667,2.6,1.0333,0.2333,18.6333,Combo G,12.4108
56,23908,Joseph Young,Oregon,P12,34,76.5,128.6,24.1,56.9,62.72,3.1,7.8,13.1,8.8,155,176,0.881,130,246,0.528,76,183,0.415,0.1,2.4,41.0,Jr,2-Jun,3,5.64087,140.834,1.8,2014,20453,all,78.8,1.69226751,88.0,138.0,42.0,108.0,0.6377,0.3889,6.0,6.0,1.0,43.0,107.423,102.346,2.90127,162.66,7.23149,7.63767,-0.406178,9.28452,31.1471,8.362,0.922517,0.7647,2.0588,2.8235,1.9412,1.2941,0.0294,18.9118,Combo G,9.90569
57,24003,Nick Johnson,Arizona,P12,38,81.5,114.1,24.8,49.9,55.0,3.0,11.2,17.6,12.7,146,187,0.781,143,304,0.47,62,169,0.367,2.0,2.1,39.5,Jr,3-Jun,13,4.44827,127.009,2.4,2014,21067,all,95.2,1.67189162,82.0,126.0,61.0,176.0,0.6508,0.3466,29.0,31.0,0.9355,42.0,91.4723,86.838,4.84639,222.008,8.49347,4.77585,3.71762,9.64142,33.0263,5.6161,4.02532,0.8158,3.2368,4.0526,2.8158,1.1316,0.6579,16.2632,Combo G,8.34947
58,24028,Darrun Hilliard,Villanova,BE,34,71.6,114.4,23.4,59.4,62.24,3.6,10.6,19.3,19.3,102,142,0.718,87,154,0.565,70,169,0.414,1.9,2.6,44.0,Jr,6-Jun,4,3.50643,122.99,2.7,2014,21234,all,45.4,1.18422578,69.0,111.0,18.0,44.0,0.6216,0.4091,9.0,11.0,0.8182,38.0,97.1665,91.9066,3.75179,183.297,7.62174,4.58984,3.0319,8.50514,29.1471,5.46611,3.03903,0.8824,2.7647,3.6471,2.6471,1.2941,0.5,14.2941,Combo G,10.0287
59,24157,Norman Powell,UCLA,P12,37,63.9,119.5,19.2,56.8,61.08,3.0,9.6,11.8,11.8,96,123,0.78,133,219,0.607,20,68,0.294,1.8,3.1,42.9,Jr,4-Jun,4,3.14472,123.144,3.6,2014,22006,all,89.6,1.65793583,106.0,146.0,27.0,72.0,0.726,0.375,36.0,38.0,0.9474,46.0,100.826,96.2664,2.96353,176.831,5.97023,3.98319,1.98704,5.58536,25.7297,3.12089,2.46447,0.6486,2.1892,2.8378,1.7027,1.3784,0.3784,11.4054,Combo G,4.06827
60,24834,Tyler Harvey,Eastern Washington,BSky,29,94.2,121.0,25.2,55.5,61.62,2.2,10.3,15.0,12.8,156,174,0.897,95,210,0.452,101,234,0.432,0.7,1.8,39.2,So,4-Jun,1,4.83462,124.64,2.4,2014,25418,all,,1.22582896,49.0,94.0,46.0,116.0,0.5213,0.3966,4.0,4.0,1.0,51.0,110.982,112.005,2.312,170.992,2.15879,4.73512,-2.57633,4.606,37.8621,5.79225,-1.18625,0.7241,3.5517,4.2759,2.6207,1.1724,0.2759,22.3793,Combo G,12.5316
61,24849,Olivier Hanlan,Boston College,ACC,31,88.7,113.3,27.4,52.8,60.04,1.4,10.3,20.1,15.4,183,226,0.81,109,206,0.529,59,168,0.351,0.2,1.4,60.4,So,4-Jun,21,5.30618,130.785,2.9,2014,25499,all,58.0,1.20271462,84.0,134.0,25.0,73.0,0.6269,0.3425,1.0,1.0,1.0,42.0,117.885,112.268,2.14397,148.968,2.51073,5.15795,-2.64722,3.10305,36.1935,4.96972,-1.86667,0.3871,2.9677,3.3548,2.871,0.8065,0.0645,18.6452,Combo G,9.59898
62,25234,Gary Harris,Michigan St.,B10,35,73.7,114.4,25.3,51.8,56.08,4.0,10.2,16.8,12.7,115,142,0.81,114,225,0.507,81,230,0.352,1.6,3.4,31.2,So,4-Jun,14,4.73592,130.372,2.6,2014,26989,all,96.4,1.56664521,65.0,104.0,49.0,122.0,0.625,0.4016,22.0,22.0,1.0,19.0,98.3044,92.577,4.11667,208.288,8.43181,6.41981,2.012,9.34158,32.3143,6.39277,2.94881,1.0571,2.9429,4.0,2.6857,1.8,0.4286,16.7429,Combo G,12.2629
63,25331,Tyrone Wallace,California,P12,35,77.0,103.9,20.6,49.5,51.81,3.8,11.2,16.7,14.6,70,112,0.625,98,194,0.505,43,134,0.321,1.5,2.4,34.1,So,4-Jun,3,2.25661,108.789,3.5,2014,27397,all,81.8,1.72731312,69.0,109.0,29.0,86.0,0.633,0.3372,7.0,8.0,0.875,60.0,103.898,99.0359,3.3072,185.15,4.428,2.55456,1.87344,3.14116,31.1429,1.14508,1.99607,1.0,3.1429,4.1429,2.7143,1.2571,0.4571,11.2857,Combo G,7.32534
64,25525,Nik Stauskas,Michigan,B10,36,86.0,124.1,23.9,58.6,64.17,1.6,8.8,18.8,14.0,168,204,0.824,93,186,0.5,92,208,0.442,0.9,1.0,51.8,So,6-Jun,11,6.30439,139.096,1.5,2014,28098,all,78.2,1.76121657,53.0,87.0,40.0,99.0,0.6092,0.404,15.0,17.0,0.8824,8.0,107.646,101.814,3.41738,171.682,7.59555,7.78089,-0.185343,8.41756,35.5833,8.06205,0.355509,0.4167,2.5,2.9167,3.2778,0.5556,0.3056,17.5,Combo G,10.3848
65,25837,Demetrius Jackson,Notre Dame,ACC,30,51.0,107.6,16.2,51.5,56.91,2.7,9.1,14.7,21.4,46,59,0.78,30,71,0.423,25,60,0.417,0.2,1.1,45.0,Fr,1-Jun,23,1.38846,105.933,3.5,2014,29232,all,93.2,1.48649967,23.0,45.0,7.0,26.0,0.5111,0.2692,0.0,0.0,,45.0,112.692,107.555,1.68361,87.5757,-0.335198,0.879398,-1.2146,-0.932982,22.2,-0.256254,-0.676728,0.5,1.6333,2.1333,1.8333,0.4,0.0333,6.0333,Combo G,5.62731
66,25957,Terry Rozier,Louisville,Amer,37,47.2,116.0,18.5,47.8,50.45,4.4,13.7,16.6,9.7,37,52,0.712,57,135,0.422,36,97,0.371,0.3,3.2,22.4,Fr,1-Jun,0,1.91496,116.895,3.1,2014,29506,all,94.2,3.04540849,37.0,70.0,20.0,64.0,0.5286,0.3125,3.0,3.0,1.0,16.0,88.9598,86.7702,2.81317,139.093,6.555,3.29361,3.26139,6.4794,18.8919,2.63681,3.84259,0.7568,2.3243,3.0811,1.8108,1.027,0.0541,7.0,Combo G,7.93298
67,26078,Sindarius Thornwell,South Carolina,SEC,34,74.0,97.7,27.4,43.6,49.94,5.5,11.1,23.9,22.9,131,178,0.736,106,270,0.393,37,100,0.37,2.5,2.4,48.1,Fr,5-Jun,0,2.42474,111.277,4.0,2014,29814,all,94.0,0.95284832,41.0,75.0,64.0,195.0,0.5467,0.3282,3.0,4.0,0.75,48.0,104.472,100.636,2.98528,173.021,2.76813,1.178,1.59013,3.04156,29.6176,2.15509,0.886465,1.4118,2.6765,4.0882,2.9706,1.1765,0.6176,13.3529,Combo G,5.92152
68,26752,Davon Reed,Miami FL,ACC,33,50.8,91.4,22.4,44.0,46.73,2.2,7.6,13.1,19.7,35,53,0.66,31,95,0.326,40,112,0.357,0.7,1.6,25.6,Fr,6-Jun,5,0.735839,98.1234,3.2,2014,31708,all,77.6,0.86364658,14.0,39.0,17.0,56.0,0.359,0.3036,0.0,0.0,,32.0,104.748,101.699,1.97245,90.4052,-1.21848,-0.492601,-0.725881,-1.24996,20.697,-1.03848,-0.211476,0.3636,1.303,1.6667,1.1515,0.4848,0.1212,6.5758,Combo G,11.2257
69,27897,Marcus Thornton,William & Mary,CAA,31,93.2,111.7,27.2,55.6,59.66,1.0,7.5,17.9,14.5,117,142,0.824,111,211,0.526,94,242,0.388,0.4,1.1,31.3,Sr,4-Jun,3,4.73948,122.04,1.2,2015,19793,all,19.2,1.23378896,66.0,99.0,45.0,112.0,0.6667,0.4018,7.0,8.0,0.875,45.0,110.674,111.551,2.05055,149.321,-0.602706,4.08968,-4.69238,1.29843,36.6667,4.77995,-3.48152,0.2727,2.5152,2.7879,2.8788,0.6364,0.1212,19.9697,Combo G,12.8921
70,27931,Josh Richardson,Tennessee,SEC,32,90.4,110.7,25.3,51.9,56.02,2.9,13.2,24.4,18.9,99,124,0.798,138,271,0.509,46,128,0.359,2.0,3.8,31.1,Sr,6-Jun,1,4.88145,124.294,2.7,2015,20063,all,51.0,1.35298553,49.0,71.0,89.0,200.0,0.6901,0.445,8.0,8.0,1.0,40.0,101.953,97.3721,3.76925,210.401,5.88059,4.44294,1.43766,7.4839,36.3125,5.35188,2.13202,0.875,3.5938,4.4688,3.5938,2.0938,0.5,16.0312,Combo G,7.20117
71,27989,Joseph Young,Oregon,P12,35,91.1,113.1,27.6,52.4,56.89,1.7,11.4,21.0,14.3,124,133,0.932,164,324,0.506,91,250,0.364,0.1,1.8,23.2,Sr,2-Jun,3,5.53925,129.197,1.6,2015,20453,all,78.8,1.54019948,76.0,119.0,88.0,206.0,0.6387,0.4272,18.0,19.0,0.9474,43.0,105.879,100.504,3.40219,206.835,5.1258,5.99927,-0.87347,6.1663,36.7222,6.45888,-0.292582,0.5278,3.9167,4.4444,3.7222,1.1389,0.0278,20.6944,Combo G,11.4651
72,28089,Darrun Hilliard,Villanova,BE,35,69.4,117.2,23.1,54.3,57.6,2.0,10.7,15.9,11.1,82,103,0.796,91,182,0.5,79,204,0.387,1.3,3.8,26.7,Sr,6-Jun,4,4.21568,127.93,3.1,2015,21234,all,45.4,1.76191661,54.0,89.0,37.0,93.0,0.6067,0.3978,12.0,13.0,0.9231,38.0,91.7311,87.3203,3.97331,196.816,9.25433,6.50237,2.75196,9.43088,28.7714,5.68323,3.74764,0.4571,2.6571,3.1143,2.1143,1.8,0.3429,14.3143,Combo G,12.4534
73,28172,Michael Gbinije,Syracuse,ACC,30,84.0,105.8,20.0,54.2,54.97,3.7,12.3,21.5,18.3,56,98,0.571,89,175,0.509,49,125,0.392,1.2,3.2,32.7,Jr,7-Jun,0,3.14051,111.477,3.2,2015,21893,all,94.6,1.68752627,56.0,93.0,33.0,84.0,0.6022,0.3929,11.0,13.0,0.8462,49.0,95.0975,89.4031,4.5769,198.2,6.5975,3.48842,3.10908,6.33822,35.0,2.815,3.52322,1.1667,3.8333,5.0,3.6,1.8667,0.3667,12.7,Combo G,7.1514
74,28666,Tyler Harvey,Eastern Washington,BSky,29,84.1,122.6,26.2,57.6,62.46,2.1,9.2,13.2,12.2,143,167,0.856,90,174,0.517,114,279,0.409,0.3,1.7,36.9,Jr,4-Jun,1,5.50996,128.21,2.1,2015,25418,all,,1.28125,53.0,92.0,37.0,82.0,0.5761,0.4512,1.0,1.0,1.0,51.0,111.75,111.595,2.0347,160.198,1.94267,5.96747,-4.02479,4.63289,36.9375,6.94655,-2.31366,0.625,3.0,3.625,2.5625,1.125,0.125,23.0625,Combo G,14.9385
75,29286,Demetrius Jackson,Notre Dame,ACC,38,85.3,122.1,18.8,59.0,61.64,4.6,8.1,16.1,14.4,82,110,0.745,113,203,0.557,54,126,0.429,0.9,2.8,33.4,So,1-Jun,11,4.81966,126.107,2.2,2015,29232,all,93.2,2.05260007,90.0,149.0,23.0,54.0,0.604,0.4259,16.0,17.0,0.9412,45.0,103.342,98.0686,3.47908,204.712,8.2429,6.82466,1.41825,7.00213,34.6842,5.22876,1.77337,1.1579,2.4474,3.6053,3.0789,1.5526,0.3158,12.3684,Combo G,5.8148
76,29373,Terry Rozier,Louisville,ACC,36,86.9,105.9,26.8,45.7,50.86,3.8,13.9,19.7,14.1,139,176,0.79,166,364,0.456,48,157,0.306,0.5,3.5,33.8,So,1-Jun,0,4.3476,121.449,2.0,2015,29506,all,94.2,1.36711625,78.0,145.0,88.0,218.0,0.5379,0.4037,8.0,9.0,0.8889,16.0,89.6,84.1254,5.21977,249.602,7.20163,4.04812,3.15352,8.49714,35.0,4.41439,4.08275,1.1944,4.3611,5.5556,3.0,2.0,0.1667,17.0833,Combo G,7.53408
77,31234,Devon Hall,Virginia,ACC,23,17.8,89.9,13.8,46.3,46.43,1.1,7.3,14.2,24.2,5,11,0.455,11,25,0.44,5,15,0.333,0.5,2.5,27.5,Fr,5-Jun,0,-0.0247418,84.7232,3.0,2015,35972,all,75.8,1.50009574,10.0,16.0,1.0,9.0,0.625,0.1111,2.0,2.0,1.0,53.0,90.6235,88.1642,1.42892,37.7301,2.31959,-1.11635,3.43594,0.822144,10.6087,-2.87761,3.69975,0.087,0.6522,0.7391,0.7826,0.3913,0.0435,1.8261,Combo G,4.1801
78,31660,Patrick McCaw,UNLV,MWC,31,70.9,103.4,19.3,51.8,53.79,2.9,8.6,17.5,17.3,37,52,0.712,47,105,0.448,57,151,0.377,1.1,2.9,20.3,Fr,6-Jun,2,2.10191,106.105,2.1,2015,37216,all,60.6,1.50881424,32.0,57.0,15.0,48.0,0.5614,0.3125,2.0,2.0,1.0,38.0,100.476,98.9902,2.88467,152.758,3.5434,3.07866,0.464734,3.29923,29.5938,2.25394,1.04529,0.7188,2.5312,3.25,2.6875,1.5,0.3125,9.5938,Combo G,10.132
79,32882,Caris LeVert,Michigan,B10,14,31.0,126.8,26.0,59.0,63.14,2.5,19.0,32.9,11.9,52,66,0.788,48,90,0.533,27,60,0.45,0.8,1.8,44.0,Sr,7-Jun,23,5.34853,136.565,1.7,2016,26551,all,52.4,3.13643865,36.0,48.0,12.0,42.0,0.75,0.2857,9.0,9.0,1.0,20.0,103.626,100.2,3.11652,73.7778,9.50321,7.62963,1.87357,10.0831,31.0714,7.75923,2.32392,0.6429,4.7857,5.4286,4.9286,0.9286,0.2143,16.3571,Combo G,8.2512
80,32990,Tyrone Wallace,California,P12,28,65.5,104.0,27.6,47.8,51.43,3.5,14.3,28.5,17.3,100,154,0.649,126,258,0.488,25,84,0.298,1.3,1.8,45.0,Sr,5-Jun,3,3.30434,116.947,2.8,2016,27397,all,81.8,1.66215143,70.0,110.0,56.0,149.0,0.6364,0.3758,6.0,7.0,0.8571,60.0,97.7535,93.1342,3.94716,166.945,6.37454,3.3627,3.01184,5.9016,32.1786,3.43397,2.46763,0.9643,4.3214,5.2857,4.3929,0.9643,0.4286,15.25,Combo G,5.41513
81,33363,Sindarius Thornwell,South Carolina,SEC,33,82.9,105.9,22.2,44.2,50.28,3.8,12.0,22.2,17.4,121,159,0.761,97,238,0.408,45,134,0.336,1.7,2.4,42.7,Jr,5-Jun,0,2.92073,112.331,2.3,2016,29814,all,94.0,1.65792451,55.0,96.0,42.0,142.0,0.5729,0.2958,3.0,3.0,1.0,48.0,97.5721,94.4499,3.97218,219.039,5.16379,2.64045,2.52334,4.96478,33.4242,2.53381,2.43097,1.1515,3.7273,4.8788,3.8182,1.4545,0.4848,13.6364,Combo G,6.79485
82,33930,Malcolm Brogdon,Virginia,ACC,37,85.1,120.0,26.8,53.2,58.48,2.1,13.3,19.5,10.0,140,156,0.897,155,311,0.498,75,192,0.391,0.9,1.8,31.0,Sr,5-Jun,15,5.99104,137.708,2.4,2016,33335,all,80.6,2.21154109,89.0,137.0,66.0,174.0,0.6496,0.3793,5.0,5.0,1.0,36.0,98.9573,92.0084,4.36185,203.837,9.49229,7.27731,2.21498,10.2715,34.1351,7.60734,2.66417,0.5135,3.5405,4.0541,3.1081,0.9459,0.2432,18.2432,Combo G,9.86277
83,34938,Patrick McCaw,UNLV,MWC,31,83.4,112.6,20.3,54.6,57.93,3.4,12.7,23.0,16.3,80,104,0.769,92,163,0.564,62,176,0.352,1.2,3.8,30.7,So,7-Jun,22,3.24837,115.024,2.6,2016,37216,all,60.6,1.84614646,69.0,104.0,23.0,59.0,0.6635,0.3898,13.0,14.0,0.9286,38.0,96.4163,94.5414,3.98331,233.53,7.26551,4.22015,3.04537,7.40592,34.1613,3.93913,3.46679,1.0968,4.0968,5.1935,3.871,2.4194,0.4194,14.5161,Combo G,8.98017
84,35070,Grayson Allen,Duke,ACC,36,90.8,124.9,25.9,55.4,61.56,2.1,11.6,19.4,12.3,211,252,0.837,149,297,0.502,90,216,0.417,0.3,2.1,49.1,So,5-Jun,3,6.7882,140.803,3.0,2016,37731,all,95.0,1.76390004,100.0,161.0,49.0,136.0,0.6211,0.3603,20.0,20.0,1.0,21.0,106.354,98.671,3.81818,220.946,7.52834,7.31952,0.208814,8.8903,36.5833,7.49769,1.39261,0.6667,3.9167,4.5833,3.5278,1.3056,0.1389,21.6389,Combo G,9.5483
85,35417,Shake Milton,SMU,Amer,30,81.7,119.0,15.0,58.6,60.29,1.1,8.9,14.0,18.8,37,51,0.725,61,115,0.53,52,122,0.426,1.0,1.5,21.5,Fr,5-Jun,1,3.08295,114.155,1.8,2016,39043,all,82.2,1.78262564,37.0,52.0,24.0,63.0,0.7115,0.381,1.0,1.0,1.0,54.0,100.473,99.2578,3.36656,151.802,3.66102,3.04846,0.612566,3.71218,32.6667,2.37572,1.33646,0.3,2.6667,2.9667,2.7333,0.8,0.2667,10.5,Combo G,7.49165
86,35825,Dejounte Murray,Washington,P12,34,82.2,97.8,26.0,45.1,48.51,4.1,13.7,25.7,19.0,110,166,0.663,168,368,0.457,34,118,0.288,0.8,2.8,34.2,Fr,4-Jun,5,2.58081,109.567,3.2,2016,40260,all,90.4,1.38181932,100.0,166.0,68.0,201.0,0.6024,0.3383,14.0,17.0,0.8235,29.0,100.785,96.4446,3.71125,243.083,3.43709,1.76825,1.66884,2.9018,33.5,1.73456,1.16724,1.4118,4.5588,5.9706,4.4706,1.8235,0.2941,16.1176,Combo G,5.29374
87,36804,Jerome Robinson,Boston College,ACC,23,59.8,90.2,22.7,47.9,50.43,1.3,13.3,21.3,20.8,46,71,0.648,77,171,0.45,23,62,0.371,1.0,2.5,30.5,Fr,5-Jun,1,0.869216,94.4903,2.5,2016,43548,all,38.6,1.14753788,46.0,82.0,29.0,87.0,0.561,0.3333,5.0,6.0,0.8333,13.0,104.825,100.71,3.28724,133.012,-0.535099,-2.03466,1.49956,-0.909075,33.4348,-1.77534,0.866268,0.3913,3.6522,4.0435,3.0435,1.3913,0.3043,11.6957,Combo G,4.90583
88,37886,Nigel Williams-Goss,Gonzaga,WCC,38,79.6,119.3,24.9,53.3,59.37,2.2,15.7,25.8,14.8,157,181,0.867,177,336,0.527,43,117,0.368,0.2,2.9,40.0,Jr,3-Jun,5,4.85906,129.811,1.9,2017,33186,all,93.4,2.1829091,84.0,128.0,93.0,208.0,0.6563,0.4471,5.0,5.0,1.0,55.0,85.8129,83.7396,5.1215,274.226,10.47,5.67179,4.79819,10.3435,32.6579,5.57175,4.77177,0.5789,5.3947,5.9737,4.7105,1.6842,0.0789,16.8421,Combo G,5.27134
89,38060,Kadeem Allen,Arizona,P12,34,68.9,108.5,18.4,52.1,57.03,1.5,13.7,17.8,20.7,86,116,0.741,75,161,0.466,32,75,0.427,2.3,3.1,49.2,Sr,3-Jun,5,2.4546,110.513,3.3,2017,34157,all,,1.55382354,45.0,85.0,30.0,76.0,0.5294,0.3947,4.0,4.0,1.0,53.0,95.0827,90.4715,4.00389,213.348,7.7439,2.9621,4.78181,6.35,30.0,1.90101,4.44899,0.3529,3.6765,4.0294,2.9706,1.5588,0.6176,9.7647,Combo G,4.39943
90,38103,Devonte' Graham,Kansas,B12,36,87.2,120.1,17.8,55.6,58.56,1.6,7.9,19.2,15.8,73,92,0.793,63,125,0.504,94,242,0.388,0.6,2.4,25.1,Jr,2-Jun,4,4.49178,124.038,1.8,2017,34391,all,80.4,2.32810209,38.0,48.0,25.0,76.0,0.7917,0.3289,3.0,3.0,1.0,34.0,102.712,95.7707,4.01456,219.286,7.41011,6.03072,1.37939,7.23384,35.25,4.87937,2.35447,0.4722,2.6389,3.1111,4.1389,1.5278,0.1944,13.3611,Combo G,10.6154
91,38685,Grayson Allen,Duke,ACC,34,68.0,113.7,25.0,50.8,56.88,2.7,11.3,21.5,16.9,129,159,0.811,60,135,0.444,81,222,0.365,0.2,1.5,44.5,Jr,5-Jun,3,4.26512,128.434,3.1,2017,37731,all,95.0,1.60808632,36.0,68.0,24.0,68.0,0.5294,0.3529,7.0,7.0,1.0,21.0,103.556,96.1502,3.36924,161.603,5.67693,5.88764,-0.210711,5.20504,29.6176,4.91748,0.287565,0.6765,3.0588,3.7353,3.5,0.7647,0.0588,14.4706,Combo G,12.6331
92,39328,Grant Riller,College of Charleston,CAA,34,67.6,111.8,23.5,54.1,58.95,1.7,7.2,11.1,12.8,103,129,0.798,116,205,0.566,37,112,0.33,0.8,2.0,40.7,Fr,3-Jun,1,2.73128,116.034,2.6,2017,40407,all,6.0,0.91488569,85.0,125.0,31.0,79.0,0.68,0.3924,5.0,5.0,1.0,56.0,101.572,99.839,2.73067,147.584,1.75224,2.1453,-0.393068,2.72835,26.9429,2.15434,0.574003,0.3714,1.6857,2.0571,1.2286,0.9429,0.2,13.1143,Combo G,7.35389
93,39705,Donovan Mitchell,Louisville,ACC,34,80.1,114.4,23.3,49.8,53.4,3.7,12.9,16.0,12.7,87,108,0.806,101,218,0.463,80,226,0.354,1.7,3.7,24.3,So,3-Jun,45,4.31111,125.688,3.2,2017,41754,all,94.4,1.66067641,64.0,116.0,37.0,101.0,0.5517,0.3663,9.0,13.0,0.6923,13.0,93.2413,86.2419,4.74913,232.285,10.0466,6.17702,3.86963,10.1032,32.2941,5.39252,4.7107,1.0882,3.7647,4.8529,2.7353,2.0588,0.5,15.5588,Combo G,12.0052
94,40027,Matisse Thybulle,Washington,P12,31,74.5,106.7,16.9,55.0,57.47,2.9,8.7,10.3,22.2,37,44,0.841,64,130,0.492,53,131,0.405,2.2,3.9,16.9,So,5-Jun,4,1.82367,104.579,3.9,2017,43029,all,79.4,0.87300102,27.0,48.0,37.0,82.0,0.5625,0.4512,10.0,12.0,0.8333,20.0,108.554,103.28,2.65125,185.235,3.42564,1.55087,1.87478,2.86787,29.9032,0.604559,2.26331,0.8065,2.2903,3.0968,1.7742,2.0968,0.7097,10.4516,Combo G,7.78629
95,40129,Jerome Robinson,Boston College,ACC,32,85.1,97.0,29.7,47.6,51.39,1.9,11.2,21.4,17.2,117,162,0.722,158,340,0.465,54,162,0.333,1.2,2.8,32.3,So,5-Jun,1,2.9253,111.706,3.3,2017,43548,all,38.6,1.06932389,92.0,156.0,67.0,185.0,0.5897,0.3622,13.0,18.0,0.7222,13.0,106.949,100.16,3.39782,211.384,1.72843,1.26485,0.463577,1.7204,34.0312,1.18316,0.537238,0.5625,3.25,3.8125,3.375,1.7188,0.375,18.5938,Combo G,8.18379
96,40474,Malachi Flynn,Washington St.,P12,30,82.6,93.8,18.0,50.0,52.03,0.9,8.9,16.8,20.7,32,44,0.727,42,106,0.396,56,146,0.384,0.1,1.2,17.5,Fr,1-Jun,22,0.744754,93.4316,2.3,2017,44865,all,41.6,1.39999036,20.0,40.0,22.0,66.0,0.5,0.3333,0.0,0.0,,29.0,113.397,108.072,2.39093,148.796,-0.985983,-0.103383,-0.8826,-2.00855,33.129,-0.907309,-1.10124,0.2581,2.6774,2.9355,2.9355,0.6774,0.0323,9.7419,Combo G,8.47424
97,40554,Ty Jerome,Virginia,ACC,34,34.3,109.6,18.4,60.5,62.0,0.3,14.5,21.2,22.9,14,18,0.778,23,37,0.622,29,73,0.397,0.6,2.1,16.4,Fr,5-Jun,11,1.24344,113.07,5.0,2017,45185,all,91.4,1.66659117,8.0,13.0,15.0,24.0,0.6154,0.625,0.0,0.0,,24.0,92.7871,86.2789,2.02926,81.4691,5.52276,2.46151,3.06125,5.52818,13.9118,1.09987,4.42831,0.0294,1.5882,1.6176,1.4706,0.4412,0.0588,4.3235,Combo G,10.2587
98,40595,Malik Monk,Kentucky,SEC,38,79.9,115.7,25.1,54.3,58.59,1.1,7.2,13.3,13.3,148,180,0.822,147,296,0.497,104,262,0.397,1.5,1.6,32.3,Fr,3-Jun,5,4.79184,130.158,2.4,2017,45276,all,98.0,1.14475,72.0,111.0,75.0,187.0,0.6486,0.4011,24.0,28.0,0.8571,11.0,99.9136,94.1113,3.86031,210.41,6.1421,5.18184,0.960259,7.92541,32.0526,6.14589,1.77952,0.3158,2.1842,2.5,2.2895,0.9474,0.5,19.8421,Combo G,11.4944
99,41206,Carsen Edwards,Purdue,B10,35,57.5,93.8,25.1,45.5,48.44,2.2,10.4,14.2,17.9,55,77,0.714,79,191,0.414,49,144,0.34,0.4,2.6,23.0,Fr,Jun-00,3,1.37004,104.092,3.3,2017,47325,all,76.6,0.9687192,51.0,101.0,28.0,89.0,0.505,0.3146,1.0,1.0,1.0,33.0,96.9139,91.7039,2.97266,158.781,1.45553,-0.169561,1.62509,0.198135,23.2571,-1.28819,1.48633,0.4,2.2,2.6,1.7714,1.0571,0.0857,10.2857,Combo G,10.1375
100,41299,De'Anthony Melton,USC,P12,36,67.3,108.0,19.1,48.3,53.05,6.0,13.6,22.5,19.7,77,109,0.706,80,157,0.51,21,74,0.284,3.9,4.1,47.2,Fr,4-Jun,22,2.07288,109.135,3.3,2017,47673,all,73.4,1.95308808,67.0,107.0,13.0,51.0,0.6262,0.2549,18.0,22.0,0.8182,46.0,99.2402,94.7375,3.19273,219.037,7.1726,2.76649,4.40611,6.33269,27.0,2.28814,4.04456,1.3889,3.3333,4.7222,3.4722,1.9167,1.0278,8.3333,Combo G,4.35535
101,41463,Kyle Guy,Virginia,ACC,34,45.9,114.8,20.7,56.3,57.76,1.0,10.4,15.2,10.6,25,35,0.714,39,102,0.382,51,103,0.495,0.2,1.4,17.1,Fr,3-Jun,5,2.25342,122.271,2.3,2017,48211,all,92.8,2.14297278,11.0,30.0,28.0,72.0,0.3667,0.3889,0.0,0.0,,55.0,96.5561,89.7835,2.4965,93.0165,5.10123,3.81955,1.28168,6.95201,18.6471,4.44269,2.50932,0.1471,1.5294,1.6765,1.3235,0.3824,0.0294,7.5294,Combo G,10.8165
102,41516,Frank Jackson,Duke,ACC,36,60.5,116.4,20.4,56.4,59.8,3.1,8.2,12.6,15.4,77,102,0.755,82,152,0.539,51,129,0.395,0.2,1.3,36.3,Fr,3-Jun,15,3.24008,124.45,3.8,2017,48430,all,97.6,1.24487547,60.0,90.0,22.0,62.0,0.6667,0.3548,4.0,4.0,1.0,31.0,105.15,97.4997,2.71476,132.144,4.07002,4.53684,-0.466824,4.00637,24.8889,3.37386,0.632511,0.6389,1.8611,2.5,1.6944,0.5556,0.0556,10.9444,Combo G,8.25089
103,41868,Tony Carr,Penn St.,B10,33,80.6,96.2,24.6,42.1,48.6,2.2,14.0,26.5,18.0,121,157,0.771,108,271,0.399,33,103,0.32,0.9,1.1,42.0,Fr,3-Jun,10,2.2572,107.111,2.7,2017,49590,all,90.0,1.61624646,43.0,98.0,65.0,171.0,0.4388,0.3801,0.0,1.0,0.0,51.0,102.978,98.3529,3.42091,185.854,0.493592,0.29381,0.199782,0.886826,32.8485,0.661974,0.224853,0.6667,4.1212,4.7879,4.2121,0.6667,0.2727,13.2121,Combo G,5.32489
104,42427,Devon Hall,Virginia,ACC,34,79.9,122.6,19.4,55.2,59.9,1.4,14.9,19.6,10.9,76,85,0.894,75,159,0.472,57,132,0.432,0.6,1.8,29.2,Sr,5-Jun,0,4.43306,127.444,1.8,2018,35972,all,75.8,3.0572178,49.0,88.0,26.0,71.0,0.5568,0.3662,3.0,3.0,1.0,53.0,91.4933,86.6833,4.73989,180.9,8.58446,5.05995,3.5245,8.85505,32.0588,4.97235,3.8827,0.3529,3.8529,4.2059,3.1471,0.8529,0.1471,11.6765,Combo G,8.01834
105,43065,Khyri Thomas,Creighton,BE,32,79.5,120.3,20.7,62.9,65.04,4.0,11.1,15.4,15.2,67,85,0.788,117,185,0.632,62,149,0.416,0.7,3.0,25.4,Jr,3-Jun,2,4.27253,126.188,2.4,2018,39884,all,35.0,1.55931541,85.0,111.0,32.0,74.0,0.7658,0.4324,20.0,20.0,1.0,38.0,102.292,95.8537,3.75268,206.041,8.42291,5.62707,2.79584,7.74266,31.697,4.91635,2.82632,1.0606,3.303,4.3636,2.7879,1.697,0.2424,15.0606,Combo G,7.88039
106,43137,Grant Riller,College of Charleston,CAA,31,81.1,118.3,25.5,61.9,63.92,1.4,8.2,14.3,14.1,93,126,0.738,166,267,0.622,56,137,0.409,1.4,2.4,31.2,So,3-Jun,1,4.03235,122.183,2.5,2018,40407,all,6.0,1.04687014,118.0,170.0,30.0,74.0,0.6941,0.4054,13.0,13.0,1.0,56.0,104.415,104.252,2.92493,177.06,2.84214,3.38876,-0.546615,5.21937,33.6364,4.55879,0.660583,0.3939,2.3636,2.7576,2.0303,1.2727,0.4242,18.5758,Combo G,7.79641
107,43588,Matisse Thybulle,Washington,P12,34,79.6,103.7,19.0,53.6,55.3,3.2,7.5,15.5,20.6,40,56,0.714,83,158,0.525,58,159,0.365,4.8,5.2,17.7,Jr,5-Jun,4,1.90041,104.641,2.9,2018,43029,all,79.4,1.17102845,62.0,96.0,21.0,60.0,0.6458,0.35,28.0,29.0,0.9655,20.0,97.5821,93.827,3.93736,246.824,7.7419,2.35342,5.38848,7.35534,32.2059,2.34167,5.01367,0.8529,2.0588,2.9118,2.6176,2.9706,1.4412,11.1765,Combo G,8.22149
108,43611,Justin Wright-Foreman,Hofstra,CAA,30,94.9,114.7,29.0,53.2,56.74,1.0,9.5,18.6,11.7,127,160,0.794,163,316,0.516,93,253,0.368,0.5,1.1,28.1,Jr,1-Jun,3,4.97811,125.259,2.1,2018,43169,all,,1.44927666,83.0,131.0,78.0,178.0,0.6336,0.4382,11.0,13.0,0.8462,53.0,113.139,112.404,2.24397,172.45,1.494,4.44553,-2.95152,4.19516,37.7742,5.87871,-1.68355,0.3226,3.0,3.3226,3.2258,0.8065,0.2258,24.3548,Combo G,12.5712
109,43664,Jerome Robinson,Boston College,ACC,35,89.0,114.7,26.3,56.4,60.73,1.6,9.4,19.5,16.5,146,176,0.83,169,317,0.533,81,198,0.409,0.4,1.4,34.2,Jr,5-Jun,1,5.10268,128.733,2.8,2018,43548,all,38.6,1.20831973,98.0,157.0,71.0,161.0,0.6242,0.441,12.0,13.0,0.9231,13.0,108.007,103.881,3.15995,209.282,2.81816,4.38235,-1.5642,4.82193,36.0,5.22217,-0.40024,0.5143,3.0857,3.6,3.3143,0.8571,0.1429,20.7714,Combo G,8.93452
110,44528,Carsen Edwards,Purdue,B10,37,73.7,117.3,28.6,55.5,59.6,1.5,12.9,19.5,12.0,131,159,0.824,132,261,0.506,97,239,0.406,0.8,2.3,31.8,So,1-Jun,3,5.08802,137.207,2.4,2018,47325,all,76.6,1.62502175,85.0,157.0,47.0,105.0,0.5414,0.4476,5.0,9.0,0.5556,33.0,97.2223,92.9967,3.72727,202.348,7.54133,6.92971,0.611616,8.95597,29.5676,7.44404,1.51193,0.3514,3.4865,3.8378,2.8108,1.1351,0.2162,18.5405,Combo G,12.8077
111,44651,Sam Merrill,Utah St.,MWC,33,88.5,121.6,20.2,62.8,65.27,0.7,10.4,19.3,15.0,70,83,0.843,93,168,0.554,95,207,0.459,0.7,1.7,22.1,So,5-Jun,3,4.42157,123.462,2.5,2018,47902,all,14.4,1.72585682,58.0,92.0,35.0,76.0,0.6304,0.4605,0.0,0.0,,60.0,107.208,105.447,2.94663,196.831,4.37187,4.41558,-0.0437174,5.37215,35.3529,4.76064,0.611508,0.2059,3.0588,3.2647,3.1471,1.0294,0.2059,16.3235,Combo G,10.2217
112,44745,Kyle Guy,Virginia,ACC,34,80.7,105.2,24.0,51.2,53.06,1.5,8.6,9.9,10.5,42,51,0.824,95,217,0.438,83,212,0.392,0.1,2.1,11.9,So,2-Jun,5,3.15482,115.602,1.5,2018,48211,all,92.8,1.19048011,41.0,87.0,54.0,130.0,0.4713,0.4154,2.0,2.0,1.0,55.0,93.7525,88.8236,4.55223,166.206,4.46048,2.97082,1.48966,5.35478,32.4118,3.20869,2.14609,0.3824,2.2353,2.6176,1.4706,1.0294,0.0294,14.1471,Combo G,12.7503
113,44916,Skylar Mays,LSU,SEC,33,77.4,112.7,18.9,52.7,57.41,2.0,13.0,16.6,16.7,77,92,0.837,78,148,0.527,47,134,0.351,0.9,2.9,32.6,So,4-Jun,4,2.99367,115.302,2.1,2018,48923,all,73.2,1.73211545,73.0,127.0,5.0,22.0,0.5748,0.2273,17.0,20.0,0.85,50.0,106.541,101.082,3.04871,190.025,4.49879,3.14585,1.35294,4.56922,31.0909,2.97815,1.59107,0.5152,3.4848,4.0,2.9394,1.5455,0.2424,11.3333,Combo G,7.56141
114,45160,Lonnie Walker IV,Miami FL,ACC,32,68.8,107.9,21.1,50.3,52.74,1.7,9.2,13.0,11.6,48,65,0.738,76,156,0.487,56,162,0.346,1.8,2.0,20.4,Fr,5-Jun,4,2.51128,113.731,2.3,2018,50255,all,97.0,1.64867667,59.0,100.0,17.0,56.0,0.59,0.3036,12.0,13.0,0.9231,18.0,101.866,97.8887,3.01536,148.382,4.42331,3.28302,1.1403,4.49906,27.75,2.92349,1.57556,0.4062,2.1875,2.5938,1.9062,0.9375,0.4688,11.5,Combo G,10.7291
115,46302,Jaylen Hands,UCLA,P12,31,57.9,102.6,21.7,49.0,52.76,2.6,14.0,18.7,18.7,59,80,0.738,59,137,0.431,43,115,0.374,0.7,2.2,31.7,Fr,3-Jun,4,1.79522,108.48,2.5,2018,51920,all,95.8,1.42105832,37.0,67.0,22.0,70.0,0.5522,0.3143,9.0,10.0,0.9,56.0,104.252,100.729,2.45138,147.968,2.07126,1.24955,0.821702,2.22821,25.1935,1.11363,1.11458,0.5806,3.3871,3.9677,2.6129,0.9677,0.1613,9.871,Combo G,8.20202
116,47231,Quinndary Weatherspoon,Mississippi St.,SEC,34,84.5,116.3,25.8,57.4,62.16,4.7,11.6,16.6,19.3,148,183,0.809,158,280,0.564,55,139,0.396,1.1,2.9,43.7,Sr,4-Jun,11,5.08788,130.825,2.5,2019,41354,all,79.8,0.96967512,112.0,183.0,46.0,97.0,0.612,0.4742,23.0,25.0,0.92,49.0,103.213,97.1516,3.79027,204.2,6.74253,5.40571,1.33682,7.30397,34.0588,5.64144,1.66253,1.3235,3.3529,4.6765,2.8235,1.6765,0.3235,18.5,Combo G,6.99548
117,47464,Matisse Thybulle,Washington,P12,36,77.2,103.2,17.2,50.0,54.17,3.0,9.0,13.5,20.5,57,67,0.851,66,119,0.555,46,151,0.305,8.1,6.6,24.8,Sr,5-Jun,4,1.62011,102.572,3.6,2019,43029,all,79.4,1.16669397,60.0,79.0,6.0,40.0,0.7595,0.15,39.0,41.0,0.9512,20.0,87.4217,84.2423,4.84706,284.521,11.3248,2.07984,9.24499,10.5343,31.0,2.15807,8.3762,0.75,2.3333,3.0833,2.1389,3.4444,2.1944,9.0833,Combo G,8.06876
118,47483,Justin Wright-Foreman,Hofstra,CAA,34,92.8,120.7,31.5,59.6,63.72,1.2,11.4,17.6,13.2,176,204,0.863,217,382,0.568,108,254,0.425,0.6,1.4,32.1,Sr,2-Jun,3,6.06055,134.517,2.0,2019,43169,all,,1.12088464,106.0,154.0,111.0,228.0,0.6883,0.4868,16.0,17.0,0.9412,53.0,108.29,109.895,2.51952,201.713,2.15975,5.47764,-3.31788,5.99963,37.7429,7.83122,-1.83159,0.3429,3.6857,4.0286,2.9143,0.8571,0.2,27.0857,Combo G,11.5608
119,48130,Carsen Edwards,Purdue,B10,36,87.3,108.0,34.8,49.0,54.09,1.3,10.7,18.3,15.5,185,221,0.837,142,323,0.44,135,380,0.355,1.0,2.3,31.4,Jr,1-Jun,3,6.00546,137.003,2.3,2019,47325,all,76.6,0.92035427,93.0,186.0,49.0,138.0,0.5,0.3551,2.0,7.0,0.2857,33.0,102.371,96.5821,3.98501,217.953,5.21965,5.61306,-0.393407,7.53716,35.4167,7.10743,0.429729,0.3889,3.2222,3.6111,2.8889,1.3333,0.2778,24.2778,Combo G,18.1706
120,48370,Skylar Mays,LSU,SEC,35,80.7,120.4,17.8,50.1,57.14,1.4,9.7,11.0,11.8,129,150,0.86,88,164,0.537,55,176,0.313,0.8,3.2,44.1,Jr,4-Jun,4,3.989,123.072,2.1,2019,48923,all,73.2,1.6743448,78.0,127.0,10.0,37.0,0.6142,0.2703,17.0,19.0,0.8947,50.0,102.352,97.1183,3.62231,211.926,7.15682,5.33724,1.81957,6.80983,33.0857,3.82563,2.9842,0.4,2.8571,3.2571,2.0571,1.8857,0.2286,13.4286,Combo G,8.6095
121,48598,Jordan Poole,Michigan,B10,37,82.6,108.4,20.0,53.8,57.32,0.8,9.4,13.0,14.1,75,90,0.833,86,166,0.518,75,203,0.369,0.7,2.0,24.4,So,5-Jun,2,3.22261,115.578,2.4,2019,50346,all,81.6,1.42860919,63.0,89.0,23.0,77.0,0.7079,0.2987,7.0,7.0,1.0,28.0,92.5991,88.1995,4.72841,204.665,7.31086,3.85039,3.46047,6.08437,33.027,2.46928,3.61508,0.2162,2.7568,2.973,2.1622,1.0811,0.2162,12.7568,Combo G,10.217
122,49676,Quentin Grimes,Kansas,B12,36,67.9,93.6,18.2,48.2,49.58,2.0,7.6,12.7,21.6,35,58,0.603,52,117,0.444,54,159,0.34,0.7,1.3,21.0,Fr,5-Jun,5.0,0.965681,97.7042,3.4,2019,65580,all,98.2,1.04346011,38.0,69.0,14.0,48.0,0.5507,0.2917,3.0,3.0,1.0,25.0,103.598,95.9504,3.15813,156.272,1.74863,0.89671,0.851921,0.482745,27.4444,-0.738856,1.2216,0.4722,2.0,2.4722,2.0,0.6389,0.1667,8.3611,Combo G,9.10124
123,49720,Coby White,North Carolina,ACC,35,69.2,108.7,26.1,51.6,55.56,1.3,11.4,24.4,19.0,104,130,0.8,106,211,0.502,82,233,0.352,1.3,2.0,29.3,Fr,5-Jun,2.0,3.69748,124.886,2.7,2019,65631,all,95.2,1.52127942,66.0,99.0,40.0,112.0,0.6667,0.3571,5.0,6.0,0.8333,7.0,98.1201,92.0853,3.69208,202.343,6.65559,4.90054,1.75505,7.04842,28.5714,4.71988,2.32854,0.3429,3.2,3.5429,4.0857,1.0857,0.3143,16.0571,Combo G,12.289
124,49747,Tyrese Haliburton,Iowa St.,B12,35,83.0,136.8,10.1,66.2,66.63,2.7,8.8,17.3,13.9,18,26,0.692,37,54,0.685,49,113,0.434,2.8,2.7,15.6,Fr,5-Jun,22.0,4.28763,124.676,1.6,2019,65663,all,65.6,4.46424984,33.0,38.0,4.0,16.0,0.8684,0.25,11.0,11.0,1.0,12.0,100.598,95.6735,3.89215,211.836,9.26473,5.77907,3.48566,7.73321,33.2,3.90742,3.82579,0.7429,2.6857,3.4286,3.5714,1.5429,0.8571,6.8286,Combo G,5.66041
125,49782,Jason Preston,Ohio,MAC,29,70.9,103.5,12.8,45.6,48.94,2.5,10.7,21.3,18.3,26,33,0.788,57,112,0.509,10,46,0.217,0.3,1.4,20.9,Fr,3-Jun,0.0,0.671426,94.0598,1.4,2019,65701,all,,2.78383208,28.0,54.0,29.0,58.0,0.5185,0.5,0.0,0.0,,33.0,106.591,103.997,2.58957,141.262,-0.940449,-0.837778,-0.102671,-0.841798,29.5667,-1.56377,0.721974,0.7,2.8667,3.5667,3.4333,0.8333,0.1,6.0,Combo G,2.99223
126,49977,Darius Garland,Vanderbilt,SEC,5,10.8,110.1,26.9,63.9,65.75,1.6,13.7,25.7,23.2,12,16,0.75,18,31,0.581,11,23,0.478,1.5,1.7,29.6,Fr,2-Jun,10.0,2.88604,117.376,2.0,2019,65919,all,97.4,0.86666663,10.0,16.0,8.0,15.0,0.625,0.5333,0.0,0.0,,5.0,105.122,104.278,2.42904,24.6937,2.89816,2.82961,0.0685464,4.60109,27.8,3.46734,1.13375,0.4,3.4,3.8,2.6,0.8,0.4,16.2,Combo G,9.56409
127,50144,Jared Butler,Baylor,B12,34,66.7,106.6,21.3,49.7,53.0,2.8,10.8,20.1,20.7,54,68,0.794,57,125,0.456,60,171,0.351,0.4,2.2,23.0,Fr,3-Jun,12.0,2.54225,114.902,3.4,2019,66113,all,80.8,1.38805443,40.0,67.0,17.0,58.0,0.597,0.2931,0.0,0.0,,40.0,103.566,98.7031,2.84901,149.75,2.76159,3.27797,-0.516383,2.78974,26.7941,2.12492,0.66482,0.6471,2.4706,3.1176,2.7353,0.9706,0.0882,10.2353,Combo G,11.2956
128,50407,Ayo Dosunmu,Illinois,B10,32,74.8,102.9,23.8,50.3,52.73,2.5,13.0,21.6,17.1,66,95,0.695,113,232,0.487,50,142,0.352,0.9,2.3,25.4,Fr,5-Jun,11.0,2.99388,115.447,2.6,2019,66420,all,93.8,1.44444444,87.0,134.0,26.0,98.0,0.6493,0.2653,6.0,6.0,1.0,38.0,105.229,100.01,3.15002,180.48,3.77726,2.8827,0.89456,4.0135,31.1875,3.38008,0.633416,0.7188,3.2812,4.0,3.25,1.25,0.25,13.8125,Combo G,8.03517
129,50564,Kira Lewis Jr.,Alabama,SEC,34,78.8,106.2,22.0,50.7,54.83,1.4,7.5,19.0,17.9,90,115,0.783,103,212,0.486,54,151,0.358,0.9,1.5,31.7,Fr,3-Jun,2.0,2.95058,114.451,2.3,2019,66608,all,92.4,1.32432802,73.0,128.0,30.0,84.0,0.5703,0.3571,2.0,2.0,1.0,13.0,105.521,99.7777,3.24443,171.277,3.04158,2.54333,0.498247,2.91161,31.6176,1.93323,0.978387,0.3824,2.1765,2.5588,2.8824,0.8235,0.2941,13.4706,Combo G,8.00448
130,50565,Isaiah Joe,Arkansas,SEC,34,74.8,115.0,19.2,57.1,59.33,2.3,8.1,11.5,11.8,62,82,0.756,35,85,0.412,113,273,0.414,0.6,2.8,22.9,Fr,5-Jun,1.0,3.36928,119.903,2.5,2019,66609,all,66.0,1.42855997,16.0,28.0,19.0,58.0,0.5714,0.3276,2.0,2.0,1.0,49.0,102.605,97.963,3.27069,180.869,6.11664,5.72803,0.388611,7.14274,30.1471,5.49118,1.65156,0.6176,2.1765,2.7941,1.7647,1.5294,0.1471,13.8529,Combo G,14.7032
131,52017,Jalen Harris,Nevada,MWC,30,79.6,111.0,31.8,51.3,56.07,2.5,17.5,26.5,12.8,135,164,0.823,156,315,0.495,67,185,0.362,0.5,1.9,32.8,Jr,5-Jun,2.0,5.01931,129.312,2.8,2020,47012,all,,1.63887494,89.0,146.0,67.0,169.0,0.6096,0.3964,22.0,26.0,0.8462,59.0,99.7164,97.5526,3.40035,201.8,5.64826,5.70053,-0.0522651,7.01539,33.0333,6.33109,0.684294,0.7333,5.6667,6.4,3.9333,1.1333,0.1333,21.6,Combo G,10.4514
132,52270,Skylar Mays,LSU,SEC,31,85.4,120.5,21.7,56.4,62.18,1.6,13.7,17.0,17.1,129,151,0.854,119,217,0.548,50,127,0.394,0.7,2.9,43.9,Sr,4-Jun,4.0,5.08419,128.213,1.9,2020,48923,all,73.2,1.42854612,95.0,167.0,24.0,50.0,0.5689,0.48,11.0,14.0,0.7857,50.0,101.627,98.0528,3.47332,214.974,6.67674,6.00876,0.66798,7.33626,34.4516,5.45986,1.8764,0.4839,4.5161,5.0,3.2258,1.7419,0.2258,16.6774,Combo G,6.71916
133,54635,Cole Anthony,North Carolina,ACC,22,57.2,97.6,29.0,45.1,50.15,1.4,16.4,23.9,19.6,96,128,0.75,82,204,0.402,49,141,0.348,0.9,2.1,37.1,Fr,3-Jun,2.0,3.44623,113.99,3.3,2020,70338,all,99.4,1.12985713,37.0,69.0,45.0,135.0,0.5362,0.3333,3.0,3.0,1.0,15.0,101.245,95.2872,3.85586,152.426,3.2216,2.6166,0.604996,4.33286,34.8636,2.96996,1.3629,0.4545,5.2273,5.6818,3.9545,1.3182,0.2727,18.5,Combo G,10.4405
134,54832,Tyrell Terry,Stanford,P12,31,78.2,106.0,24.3,53.5,58.92,1.4,14.4,20.3,19.4,98,110,0.891,85,181,0.47,62,152,0.408,0.2,2.5,33.0,Fr,1-Jun,3.0,3.43069,115.961,2.5,2020,70571,all,78.2,1.20728112,58.0,96.0,27.0,85.0,0.6042,0.3176,4.0,4.0,1.0,31.0,90.4644,88.5736,4.34347,202.458,5.17455,2.98222,2.19233,5.15134,32.5484,2.69189,2.45945,0.3548,4.129,4.4839,3.1935,1.3871,0.0645,14.6452,Combo G,8.74519
135,54923,Nah'Shon Hyland,VCU,A10,31,51.3,109.6,21.0,56.9,57.55,1.7,10.8,19.1,15.5,16,24,0.667,37,86,0.43,63,145,0.434,1.8,2.4,10.4,Fr,3-Jun,5.0,2.03298,113.878,4.4,2020,70684,all,83.8,1.58331193,30.0,55.0,7.0,31.0,0.5455,0.2258,1.0,1.0,1.0,26.0,95.8673,93.6288,2.40165,116.156,4.33196,3.5022,0.829762,5.45509,20.6129,3.62172,1.83337,0.3226,1.871,2.1935,1.8387,0.8387,0.3226,9.0,Combo G,13.0961
136,55309,Jahmi'us Ramsey,Texas Tech,B12,27,66.8,102.8,24.7,53.0,54.42,3.0,12.3,16.1,15.2,50,78,0.641,88,195,0.451,60,141,0.426,2.5,2.5,23.2,Fr,4-Jun,3.0,3.1256,114.492,2.8,2020,71183,all,93.8,1.11109996,52.0,99.0,36.0,95.0,0.5253,0.3789,5.0,9.0,0.5556,43.0,92.1441,88.8652,4.12537,163.728,5.25894,3.00104,2.2579,5.7293,31.1852,3.79178,1.93752,0.7407,3.2593,4.0,2.2222,1.3333,0.6667,15.037,Combo G,9.84269
137,55645,Miles McBride,West Virginia,B12,31,55.1,105.4,22.1,44.9,49.79,2.5,9.6,17.3,15.5,68,91,0.747,78,175,0.446,24,79,0.304,2.6,2.9,35.8,Fr,2-Jun,4.0,2.30557,115.487,3.1,2020,71636,all,40.2,1.36587022,33.0,59.0,45.0,116.0,0.5593,0.3879,5.0,5.0,1.0,36.0,90.4983,86.1078,3.15349,136.118,6.24,2.56309,3.67691,7.16829,22.129,2.82446,4.34382,0.5161,1.8387,2.3548,1.8065,1.129,0.4839,9.5484,Combo G,6.58624
138,55859,Tyrese Maxey,Kentucky,SEC,31,85.4,104.7,22.1,47.4,53.06,1.4,12.1,18.3,16.6,100,120,0.833,117,238,0.492,33,113,0.292,1.3,1.5,34.2,Fr,3-Jun,3.0,3.0618,111.159,2.8,2020,71900,all,98.2,1.4477398,71.0,109.0,46.0,129.0,0.6514,0.3566,7.0,10.0,0.7,21.0,98.2544,94.2306,3.92659,186.724,4.10995,2.79154,1.31842,3.43091,34.4516,1.94246,1.48845,0.3871,3.9032,4.2903,3.129,0.871,0.3871,13.9677,Combo G,6.19184
139,57665,Ayo Dosunmu,Illinois,B10,28,78.4,110.8,29.4,52.6,56.64,3.9,15.8,29.2,18.0,112,143,0.783,178,347,0.513,32,83,0.386,0.6,1.8,33.3,Jr,5-Jun,11,5.51004,131.045,2.4,2021,66420,all,93.8,1.58065879,113.0,173.0,65.0,175.0,0.6532,0.3714,10.0,10.0,1.0,38.0,95.7054,88.8015,4.62736,194.087,8.56789,5.21167,3.35622,8.2811,35.1429,5.92089,2.36021,1.1071,5.2143,6.3214,5.25,1.1071,0.2143,20.1429,Combo G,4.72946
140,58453,Nah'Shon Hyland,VCU,A10,24,73.3,106.0,28.7,54.9,59.6,0.6,15.7,15.1,19.2,94,109,0.862,83,154,0.539,69,186,0.371,0.6,3.3,32.1,So,3-Jun,5,3.95728,121.173,2.8,2021,70684,all,83.8,0.67567218,66.0,101.0,17.0,53.0,0.6535,0.3208,4.0,4.0,1.0,26.0,90.9492,88.5393,4.26566,163.279,5.0055,3.39479,1.6107,7.39625,31.9167,5.09438,2.30186,0.1667,4.5417,4.7083,2.0833,1.875,0.1667,19.4583,Combo G,13.8506
141,60052,Jalen Suggs,Gonzaga,WCC,30,67.5,110.4,25.3,55.9,59.39,2.7,18.0,23.7,21.5,86,114,0.754,119,203,0.586,35,104,0.337,1.1,3.5,37.1,Fr,4-Jun,1,3.79887,123.251,3.6,2021,72863,all,98.2,1.54546071,97.0,152.0,21.0,49.0,0.6382,0.4286,9.0,10.0,0.9,5.0,90.185,85.8594,4.13889,209.261,9.32632,4.85317,4.47315,8.4834,28.9333,4.37217,4.11123,0.6,4.7333,5.3333,4.5333,1.9,0.3333,14.3,Combo G,6.42283
142,60408,Jaden Springer,Tennessee,SEC,25,60.0,106.1,26.2,51.1,57.01,4.6,10.9,24.1,20.6,81,100,0.81,86,181,0.475,20,46,0.435,2.2,2.7,44.1,Fr,4-Jun,11,3.10973,119.83,3.1,2021,73275,all,97.2,1.21666665,50.0,76.0,37.0,106.0,0.6579,0.3491,4.0,5.0,0.8,28.0,93.0705,88.6103,3.47586,126.99,4.93821,2.23813,2.70008,5.80763,25.92,3.15568,2.65195,1.04,2.48,3.52,2.92,1.2,0.48,12.52,Combo G,4.13745
